Country of Destiny,CountryDestinyEN
PERU,PERU
LIBANO,LEBANON
JORDANIA,JORDAN
RUSIA,RUSSIA
REP GEORGIAGEORGIA,REP OF GEORGIA
VIETNAM,VIETNAM
ANGOLA,ANGOLA
HONG KONG,HONG KONG
EGIPTO,EGYPT
SAN MARTIN PARTE HOLANDESA,SAN MARTIN (DUTCH)
PAISES BAJOS - HOLANDA,NETHERLANDS
ESTADOS UNIDOS,U.S.
REINO UNIDO,UNITED KINGDOM
CHILE,CHILE
CANADA,CANADA
BELGICA,BELGIUM
ALEMANIA,GERMANY
ZONA FRANCA BIOCOMBUSTIBLE DL CARIBE S A,FREE ZONE BIOCOMBUSTIBLE DL CARIBBEAN
REPUBLICA DOMINICANA,DOMINICAN REPUBLIC
GUYANA,GUYANA
TRINIDAD Y TOBAGO,TRINIDAD AND TOBAGO
PUERTO RICO,PUERTO RICO
FRANCIA,FRANCE
ISRAEL,ISRAEL
AUSTRALIA,AUSTRALIA
NICARAGUA,NICARAGUA
MEXICO,MEXICO
URUGUAY,URUGUAY
ARGENTINA,ARGENTINA
ARUBA,ARUBA
BENIN,BENIN
BRASIL,BRAZIL
PANAMA,PANAMA
JAPON,JAPAN
COREA SUR REPUBLICA DE,SOUTH KOREA REPUBLIC OF
ESPANA,SPAIN
PARAGUAY,PARAGUAY
SURINAM,SURINAME
ZONA FRANCA BARRANQUILLA,FREE ZONE BARRANQUILLA
VENEZUELA,VENEZUELA
COSTA RICA,COSTA RICA
ZFPE  COLOMBINA DEL CAUCA,ZFPE COLOMBINA DEL CAUCA
ZFP CENTRO LOGISTICO DEL PACIFICO CELPA,ZFP LOGISTICAL CENTER OF PACIFIC CELPA
ZF CENCAUCA PARQUE INDL CALOTO,ZF CENCAUCA PARQUE INDL CALOTO
ZONA FRANCA CARTAGENA,FREE ZONE CARTAGENA
ZONA FRANCA LAS AMERICAS,FREE ZONE LAS AMERICAS
NUEVA ZELANDIA,NEW ZEALAND
DOMINICA,DOMINICA
ANTILLAS HOLANDESAS,NETHERLANDS ANTILLES
HAITI,HAITI
CUBA,CUBA
GUATEMALA,GUATEMALA
HONDURAS,HONDURAS
ECUADOR,ECUADOR
REPUBLICA CHECA,CZECH REPUBLIC
BOLIVIA,BOLIVIA
TURQUIA,TURKEY
UCRANIA,UKRAINE
CURAZAO,CURACAO
CONGO,CONGO
CHINA,CHINA
CANADÁ,CANADA
CORRÍ,IRAN
MOZAMBIQUE,MOZAMBIQUE
PAKISTÁN,PAKISTAN
SEYCHELLES,SEYCHELLES
FINLANDIA,FINLAND
REPÚBLICA DOMINICANA,DOMINICAN REPUBLIC
KAZAJSTÁN,KAZAKHSTAN
SENEGAL,SENEGAL
INDIA,INDIA
EMIRATOS ÁRABES UNIDOS,UNITED ARAB EMIRATES
BAHREIN,BAHRAIN
KUWAIT,KUWAIT
MÉJICO,MEXICO
TURQUÍA,TURKEY
BÉLGICA,BELGIUM
KIRGUISTÁN,KYRGYZSTAN
FILIPINAS,PHILIPPINES
ITALIA,ITALY
MAURITANIA,MAURITANIA
MONTENEGRO,MONTENEGRO
NÍGER,NIGER
SAN CRISTÓBAL Y NIEVES,SAINT KITTS AND NEVIS
SERBIA,SERBIA
"MACEDONIA, FYR","MACEDONIA, FYR"
GRECIA,GREECE
COSTA DE MARFIL,COTE D'IVOIRE
PAÍSES BAJOS,NETHERLANDS
SUIZA,SWITZERLAND
BULGARIA,BULGARIA
CROACIA,CROATIA
DINAMARCA,DENMARK
NUEVA CALEDONIA,NEW CALEDONIA
BURKINA FASO,BURKINA FASO
LUXEMBURGO,LUXEMBOURG
MALÍ,MALI
NIGERIA,NIGERIA
ESPAÑA,SPAIN
SUECIA,SWEDEN
RUMANIA,ROMANIA
ARABIA SAUDITA,SAUDI ARABIA
TÚNEZ,TUNISIA
UGANDA,UGANDA
AUSTRIA,AUSTRIA
"CONGO, DEM. REPS.","CONGO, DEM. REP."
GAMBIA,GAMBIA
GHANA,GHANA
JAPÓN,JAPAN
JORDÁN,JORDAN
LÍBANO,LEBANON
LIBIA,LIBYA
"COREA, REP.","KOREA, REP."
MALASIA,MALAYSIA
SRI LANKA,SRI LANKA
GUINEA,GUINEA
"CHINA, REGIÓN ADMINISTRATIVA ESPECIAL DE HONG KONG","CHINA, HONG KONG SAR"
TONGA,TONGA
SAMOA,SAMOA
CAMERÚN,CAMEROON
IR,TOGO
COMORAS,COMOROS
ZIMBABUE,ZIMBABWE
ZAMBIA,ZAMBIA
BOTSWANA,BOTSWANA
ETIOPÍA,ETHIOPIA
MOLDAVIA,MOLDOVA
RUANDA,RWANDA
IRLANDA,IRELAND
FEDERACIÓN RUSA,RUSSIAN FEDERATION
YEMEN,YEMEN
NAMIBIA,NAMIBIA
"CONGO, REP.","CONGO, REP."
SANTO TOMÉ Y PRÍNCIPE,SAO TOME AND PRINCIPE
SUDÁFRICA,SOUTH AFRICA
ALBANIA,ALBANIA
ISLAS VÍRGENES BRITÁNICAS,BRITISH VIRGIN ISDS
MONTSERRAT,MONTSERRAT
CURACAO,CURACAO
PORTUGAL,PORTUGAL
SAN VICENTE Y LAS GRANADINAS,SAINT VINCENT AND THE GRENADINES
"ÁREAS, NEP","AREAS, NES"
MALTA,MALTA
GUAYANA,GUYANA
SANTA LUCÍA,SAINT LUCIA
SOLOMON ISDS,SOLOMON ISDS
GEORGIA,GEORGIA
BELARÚS,BELARUS
IRAK,IRAQ
TAILANDIA,THAILAND
TAYIKISTÁN,TAJIKISTAN
TURKMENISTÁN,TURKMENISTAN
AFGANISTÁN,AFGHANISTAN
ARGELIA,ALGERIA
ANDORRA,ANDORRA
AZERBAIYÁN,AZERBAIJAN
BAHAMAS,BAHAMAS
BANGLADESH,BANGLADESH
ARMENIA,ARMENIA
BARBADOS,BARBADOS
BOSNIA HERZEGOVINA,BOSNIA HERZEGOVINA
BELICE,BELIZE
BURUNDI,BURUNDI
CABO VERDE,CABO VERDE
COLOMBIA,COLOMBIA
CHIPRE,CYPRUS
REPÚBLICA CHECA.,CZECH REP.
EL SALVADOR,EL SALVADOR
GUINEA ECUATORIAL,EQUATORIAL GUINEA
ESTONIA,ESTONIA
POLINESIA FRANCÉS,FRENCH POLYNESIA
DJIBOUTI,DJIBOUTI
GABÓN,GABON
ESTADO DE PALESTINA,STATE OF PALESTINE
HAITÍ,HAITI
HUNGRÍA,HUNGARY
INDONESIA,INDONESIA
JAMAICA,JAMAICA
KENIA,KENYA
LETONIA,LATVIA
LIBERIA,LIBERIA
LITUANIA,LITHUANIA
MADAGASCAR,MADAGASCAR
MALAWI,MALAWI
MAURICIO,MAURITIUS
"OTROS ASIA, NES","OTHER ASIA, NES"
MARRUECOS,MOROCCO
OMÁN,OMAN
NEPAL,NEPAL
NUEVA ZELANDA,NEW ZEALAND
NORUEGA,NORWAY
PANAMÁ,PANAMA
PERÚ,PERU
POLONIA,POLAND
GUINEA-BISSAU,GUINEA-BISSAU
KATAR,QATAR
SIERRA LEONA,SIERRA LEONE
SINGAPUR,SINGAPORE
ESLOVAQUIA,SLOVAKIA
ESLOVENIA,SLOVENIA
SURINAME,SURINAME
SIRIA,SYRIA
TANZANIA,TANZANIA
ZONAS LIBRES,FREE ZONES
CAMBOYA,CAMBODIA
ERITREA,ERITREA
SUDÁN,SUDAN
BRUNEI DARUSSALAM,BRUNEI DARUSSALAM
ISLANDIA,ICELAND
MALDIVAS,MALDIVES
ANTIGUA Y BARBUDA,ANTIGUA AND BARBUDA
"CHINA, RAE DE MACAO","CHINA, MACAO SAR"
SUDÁN DEL SUR,SOUTH SUDAN
ANTÁRTIDA,ANTARCTICA
MYANMAR,MYANMAR
NAVIDAD,CHRISTMAS ISDS
COCINEROS,COOK ISDS
FIYI,FIJI
KIRIBATI,KIRIBATI
GUAM,GUAM
"COREA, DEM. REPS.","KOREA, DEM. REP."
REPÚBLICA DEMOCRÁTICA POPULAR LAO,LAO PDR
MONGOLIA,MONGOLIA
NAURU,NAURU
VANUATU,VANUATU
NORFOLK ISDS,NORFOLK ISDS
N. MARIANA ISDS,N. MARIANA ISDS
MICRONESIA,MICRONESIA
MARSHALL ISDS,MARSHALL ISDS
PALAU,PALAU
PAPÚA NUEVA GUINEA,PAPUA NEW GUINEA
TIMOR ORIENTAL,TIMOR-LESTE
FMR SUDÁN,FMR SUDAN
TUVALU,TUVALU
WALLIS Y FUTUNA ISDS,WALLIS AND FUTUNA ISDS
SAMOA AMERICANA,AMERICAN SAMOA
SANTA ELENA,SAINT HELENA
BUNKERS,BUNKERS
ISLAS BERMUDAS,BERMUDA
UZBEKISTÁN,UZBEKISTAN
TIERRA VERDE,GREENLAND
SWAZILANDIA,SWAZILAND
GRANADA,GRENADA
REP. CENTROAFRICANA,CENTRAL AFRICAN REP.
CHAD,CHAD
MAYOTTE,MAYOTTE
LESOTO,LESOTHO
FAEROE ISDS,FAEROE ISDS
SAN PEDRO Y MIQUELÓN,SAINT PIERRE AND MIQUELON
TERRITORIOS FRANCESES DEL SUR,FRENCH SOUTHERN TERRITORIES
BONAIRE,BONAIRE
ANGUILA,ANGUILLA
SAN MARINO,SAN MARINO
SANTA SEDE,HOLY SEE
SINT MAARTEN (PARTE HOLANDESA),SINT MAARTEN (DUTCH PART)
"OTROS ÁFRICA, NES","OTHER AFRICA, NES"
CAYMAN ISDS,CAYMAN ISDS
ISLAS TURCAS Y CAICOS,TURKS AND CAICOS ISDS
CATEGORÍAS ESPECIALES,SPECIAL CATEGORIES
FALKLAND ISDS (MALVINAS),FALKLAND ISDS (MALVINAS)
ESTADOS UNIDOS MINOR OUTLYING ISDS,UNITED STATES MINOR OUTLYING ISDS
SOMALIA,SOMALIA
"OCEANÍA, NES","OCEANIA, NES"
"OTRAS EUROPA, NES","OTHER EUROPE, NES"
BUTÁN,BHUTAN
ISLA DE HEARD Y MCDONALD ISDS,HEARD ISLAND AND MCDONALD ISDS
NIUE,NIUE
SAN BARTOLOMÉ,SAINT-BARTHELEMY
GIBRALTAR,GIBRALTAR
"ASOCIACIÓN LATINOAMERICANA DE INTEGRACIÓN, NES","LATIN AMERICAN INTEGRATION ASSOCIATION, NES"
PITCAIRN,PITCAIRN
TERRITORIO BRITÁNICO DEL OCÉANO ÍNDICO,BRITISH INDIAN OCEAN TERRITORY
TOKELAU,TOKELAU
ISLA BOUVET,BOUVET ISLAND
ISLAS COCOS,COCOS ISDS
GEORGIA DEL SUR Y SANDWICH DEL SUR,SOUTH GEORGIA AND THE SOUTH SANDWICH ISDS
NOS.,U.S.
COREA DEL SUR REPÚBLICA DE,SOUTH KOREA REPUBLIC OF
ZONA LIBRE BIOCOMBUSTIBLE DL CARIBE,FREE ZONE BIOCOMBUSTIBLE DL CARIBBEAN
ZONA LIBRE BARRANQUILLA,FREE ZONE BARRANQUILLA
SAN MARTIN (HOLANDÉS),SAN MARTIN (DUTCH)
COREA DEL SUR,SOUTH KOREA
TAIWÁN,TAIWAN
ISLA DE DOMINICA,DOMINICA ISLAND
ST. VICENTE Y LAS GRANADINAS,ST. VICENT AND THE GRENADINES
ST. KITTS Y NEVIS,ST. KITTS AND NEVIS
REPÚBLICA DEMOCRÁTICA DEL CONGO,CONGO DEMOCRATIC REPUBLIC OF THE
REPÚBLICA ÁRABE SIRIA,SYRIAN ARAB REPUBLIC
ZFPE COLOMBINA DEL CAUCA,ZFPE COLOMBINA DEL CAUCA
ZFP CENTRO LOGÍSTICO DEL PACÍFICO CELPA,ZFP LOGISTICAL CENTER OF PACIFIC CELPA
ZONA LIBRE CARTAGENA,FREE ZONE CARTAGENA
ZONA LIBRE LAS AMERICAS,FREE ZONE LAS AMERICAS
REPÚBLICA CHECA,CZECH REPUBLIC
REP DE GEORGIA,REP OF GEORGIA
peru,PERU
libano,LEBANON
jordania,JORDAN
rusia,RUSSIA
rep georgiageorgia,REP OF GEORGIA
vietnam,VIETNAM
angola,ANGOLA
hong kong,HONG KONG
egipto,EGYPT
san martin parte holandesa,SAN MARTIN (DUTCH)
paises bajos - holanda,NETHERLANDS
estados unidos,U.S.
reino unido,UNITED KINGDOM
chile,CHILE
canada,CANADA
belgica,BELGIUM
alemania,GERMANY
zona franca biocombustible dl caribe s a,FREE ZONE BIOCOMBUSTIBLE DL CARIBBEAN
republica dominicana,DOMINICAN REPUBLIC
guyana,GUYANA
trinidad y tobago,TRINIDAD AND TOBAGO
puerto rico,PUERTO RICO
francia,FRANCE
israel,ISRAEL
australia,AUSTRALIA
nicaragua,NICARAGUA
mexico,MEXICO
uruguay,URUGUAY
argentina,ARGENTINA
aruba,ARUBA
benin,BENIN
brasil,BRAZIL
panama,PANAMA
japon,JAPAN
corea sur republica de,SOUTH KOREA REPUBLIC OF
espana,SPAIN
paraguay,PARAGUAY
surinam,SURINAME
zona franca barranquilla,FREE ZONE BARRANQUILLA
venezuela,VENEZUELA
costa rica,COSTA RICA
zfpe  colombina del cauca,ZFPE COLOMBINA DEL CAUCA
zfp centro logistico del pacifico celpa,ZFP LOGISTICAL CENTER OF PACIFIC CELPA
zf cencauca parque indl caloto,ZF CENCAUCA PARQUE INDL CALOTO
zona franca cartagena,FREE ZONE CARTAGENA
zona franca las americas,FREE ZONE LAS AMERICAS
nueva zelandia,NEW ZEALAND
dominica,DOMINICA
antillas holandesas,NETHERLANDS ANTILLES
haiti,HAITI
cuba,CUBA
guatemala,GUATEMALA
honduras,HONDURAS
ecuador,ECUADOR
republica checa,CZECH REPUBLIC
bolivia,BOLIVIA
turquia,TURKEY
ucrania,UKRAINE
curazao,CURACAO
congo,CONGO
china,CHINA
canadá,CANADA
corrí,IRAN
mozambique,MOZAMBIQUE
pakistán,PAKISTAN
seychelles,SEYCHELLES
finlandia,FINLAND
república dominicana,DOMINICAN REPUBLIC
kazajstán,KAZAKHSTAN
senegal,SENEGAL
india,INDIA
emiratos árabes unidos,UNITED ARAB EMIRATES
bahrein,BAHRAIN
kuwait,KUWAIT
méjico,MEXICO
turquía,TURKEY
bélgica,BELGIUM
kirguistán,KYRGYZSTAN
filipinas,PHILIPPINES
italia,ITALY
mauritania,MAURITANIA
montenegro,MONTENEGRO
níger,NIGER
san cristóbal y nieves,SAINT KITTS AND NEVIS
serbia,SERBIA
"macedonia, fyr","MACEDONIA, FYR"
grecia,GREECE
costa de marfil,COTE D'IVOIRE
países bajos,NETHERLANDS
suiza,SWITZERLAND
bulgaria,BULGARIA
croacia,CROATIA
dinamarca,DENMARK
nueva caledonia,NEW CALEDONIA
burkina faso,BURKINA FASO
luxemburgo,LUXEMBOURG
malí,MALI
nigeria,NIGERIA
españa,SPAIN
suecia,SWEDEN
rumania,ROMANIA
arabia saudita,SAUDI ARABIA
túnez,TUNISIA
uganda,UGANDA
austria,AUSTRIA
"congo, dem. reps.","CONGO, DEM. REP."
gambia,GAMBIA
ghana,GHANA
japón,JAPAN
jordán,JORDAN
líbano,LEBANON
libia,LIBYA
"corea, rep.","KOREA, REP."
malasia,MALAYSIA
sri lanka,SRI LANKA
guinea,GUINEA
"china, región administrativa especial de hong kong","CHINA, HONG KONG SAR"
tonga,TONGA
samoa,SAMOA
camerún,CAMEROON
ir,TOGO
comoras,COMOROS
zimbabue,ZIMBABWE
zambia,ZAMBIA
botswana,BOTSWANA
etiopía,ETHIOPIA
moldavia,MOLDOVA
ruanda,RWANDA
irlanda,IRELAND
federación rusa,RUSSIAN FEDERATION
yemen,YEMEN
namibia,NAMIBIA
"congo, rep.","CONGO, REP."
santo tomé y príncipe,SAO TOME AND PRINCIPE
sudáfrica,SOUTH AFRICA
albania,ALBANIA
islas vírgenes británicas,BRITISH VIRGIN ISDS
montserrat,MONTSERRAT
curacao,CURACAO
portugal,PORTUGAL
san vicente y las granadinas,SAINT VINCENT AND THE GRENADINES
"áreas, nep","AREAS, NES"
malta,MALTA
guayana,GUYANA
santa lucía,SAINT LUCIA
solomon isds,SOLOMON ISDS
georgia,GEORGIA
belarús,BELARUS
irak,IRAQ
tailandia,THAILAND
tayikistán,TAJIKISTAN
turkmenistán,TURKMENISTAN
afganistán,AFGHANISTAN
argelia,ALGERIA
andorra,ANDORRA
azerbaiyán,AZERBAIJAN
bahamas,BAHAMAS
bangladesh,BANGLADESH
armenia,ARMENIA
barbados,BARBADOS
bosnia herzegovina,BOSNIA HERZEGOVINA
belice,BELIZE
burundi,BURUNDI
cabo verde,CABO VERDE
colombia,COLOMBIA
chipre,CYPRUS
república checa.,CZECH REP.
el salvador,EL SALVADOR
guinea ecuatorial,EQUATORIAL GUINEA
estonia,ESTONIA
polinesia francés,FRENCH POLYNESIA
djibouti,DJIBOUTI
gabón,GABON
estado de palestina,STATE OF PALESTINE
haití,HAITI
hungría,HUNGARY
indonesia,INDONESIA
jamaica,JAMAICA
kenia,KENYA
letonia,LATVIA
liberia,LIBERIA
lituania,LITHUANIA
madagascar,MADAGASCAR
malawi,MALAWI
mauricio,MAURITIUS
"otros asia, nes","OTHER ASIA, NES"
marruecos,MOROCCO
omán,OMAN
nepal,NEPAL
nueva zelanda,NEW ZEALAND
noruega,NORWAY
panamá,PANAMA
perú,PERU
polonia,POLAND
guinea-bissau,GUINEA-BISSAU
katar,QATAR
sierra leona,SIERRA LEONE
singapur,SINGAPORE
eslovaquia,SLOVAKIA
eslovenia,SLOVENIA
suriname,SURINAME
siria,SYRIA
tanzania,TANZANIA
zonas libres,FREE ZONES
camboya,CAMBODIA
eritrea,ERITREA
sudán,SUDAN
brunei darussalam,BRUNEI DARUSSALAM
islandia,ICELAND
maldivas,MALDIVES
antigua y barbuda,ANTIGUA AND BARBUDA
"china, rae de macao","CHINA, MACAO SAR"
sudán del sur,SOUTH SUDAN
antártida,ANTARCTICA
myanmar,MYANMAR
navidad,CHRISTMAS ISDS
cocineros,COOK ISDS
fiyi,FIJI
kiribati,KIRIBATI
guam,GUAM
"corea, dem. reps.","KOREA, DEM. REP."
república democrática popular lao,LAO PDR
mongolia,MONGOLIA
nauru,NAURU
vanuatu,VANUATU
norfolk isds,NORFOLK ISDS
n. mariana isds,N. MARIANA ISDS
micronesia,MICRONESIA
marshall isds,MARSHALL ISDS
palau,PALAU
papúa nueva guinea,PAPUA NEW GUINEA
timor oriental,TIMOR-LESTE
fmr sudán,FMR SUDAN
tuvalu,TUVALU
wallis y futuna isds,WALLIS AND FUTUNA ISDS
samoa americana,AMERICAN SAMOA
santa elena,SAINT HELENA
bunkers,BUNKERS
islas bermudas,BERMUDA
uzbekistán,UZBEKISTAN
tierra verde,GREENLAND
swazilandia,SWAZILAND
granada,GRENADA
rep. centroafricana,CENTRAL AFRICAN REP.
chad,CHAD
mayotte,MAYOTTE
lesoto,LESOTHO
faeroe isds,FAEROE ISDS
san pedro y miquelón,SAINT PIERRE AND MIQUELON
territorios franceses del sur,FRENCH SOUTHERN TERRITORIES
bonaire,BONAIRE
anguila,ANGUILLA
san marino,SAN MARINO
santa sede,HOLY SEE
sint maarten (parte holandesa),SINT MAARTEN (DUTCH PART)
"otros áfrica, nes","OTHER AFRICA, NES"
cayman isds,CAYMAN ISDS
islas turcas y caicos,TURKS AND CAICOS ISDS
categorías especiales,SPECIAL CATEGORIES
falkland isds (malvinas),FALKLAND ISDS (MALVINAS)
estados unidos minor outlying isds,UNITED STATES MINOR OUTLYING ISDS
somalia,SOMALIA
"oceanía, nes","OCEANIA, NES"
"otras europa, nes","OTHER EUROPE, NES"
bután,BHUTAN
isla de heard y mcdonald isds,HEARD ISLAND AND MCDONALD ISDS
niue,NIUE
san bartolomé,SAINT-BARTHELEMY
gibraltar,GIBRALTAR
"asociación latinoamericana de integración, nes","LATIN AMERICAN INTEGRATION ASSOCIATION, NES"
pitcairn,PITCAIRN
territorio británico del océano índico,BRITISH INDIAN OCEAN TERRITORY
tokelau,TOKELAU
isla bouvet,BOUVET ISLAND
islas cocos,COCOS ISDS
georgia del sur y sandwich del sur,SOUTH GEORGIA AND THE SOUTH SANDWICH ISDS
nos.,U.S.
corea del sur república de,SOUTH KOREA REPUBLIC OF
zona libre biocombustible dl caribe,FREE ZONE BIOCOMBUSTIBLE DL CARIBBEAN
zona libre barranquilla,FREE ZONE BARRANQUILLA
san martin (holandés),SAN MARTIN (DUTCH)
corea del sur,SOUTH KOREA
taiwán,TAIWAN
isla de dominica,DOMINICA ISLAND
st. vicente y las granadinas,ST. VICENT AND THE GRENADINES
st. kitts y nevis,ST. KITTS AND NEVIS
república democrática del congo,CONGO DEMOCRATIC REPUBLIC OF THE
república árabe siria,SYRIAN ARAB REPUBLIC
zfpe colombina del cauca,ZFPE COLOMBINA DEL CAUCA
zfp centro logístico del pacífico celpa,ZFP LOGISTICAL CENTER OF PACIFIC CELPA
zona libre cartagena,FREE ZONE CARTAGENA
zona libre las americas,FREE ZONE LAS AMERICAS
república checa,CZECH REPUBLIC
rep de georgia,REP OF GEORGIA
Peru,PERU
Libano,LEBANON
Jordania,JORDAN
Rusia,RUSSIA
Rep Georgiageorgia,REP OF GEORGIA
Vietnam,VIETNAM
Angola,ANGOLA
Hong Kong,HONG KONG
Egipto,EGYPT
San Martin Parte Holandesa,SAN MARTIN (DUTCH)
Paises Bajos - Holanda,NETHERLANDS
Estados Unidos,U.S.
Reino Unido,UNITED KINGDOM
Chile,CHILE
Canada,CANADA
Belgica,BELGIUM
Alemania,GERMANY
Zona Franca Biocombustible Dl Caribe S A,FREE ZONE BIOCOMBUSTIBLE DL CARIBBEAN
Republica Dominicana,DOMINICAN REPUBLIC
Guyana,GUYANA
Trinidad Y Tobago,TRINIDAD AND TOBAGO
Puerto Rico,PUERTO RICO
Francia,FRANCE
Israel,ISRAEL
Australia,AUSTRALIA
Nicaragua,NICARAGUA
Mexico,MEXICO
Uruguay,URUGUAY
Argentina,ARGENTINA
Aruba,ARUBA
Benin,BENIN
Brasil,BRAZIL
Panama,PANAMA
Japon,JAPAN
Corea Sur Republica De,SOUTH KOREA REPUBLIC OF
Espana,SPAIN
Paraguay,PARAGUAY
Surinam,SURINAME
Zona Franca Barranquilla,FREE ZONE BARRANQUILLA
Venezuela,VENEZUELA
Costa Rica,COSTA RICA
Zfpe  Colombina Del Cauca,ZFPE COLOMBINA DEL CAUCA
Zfp Centro Logistico Del Pacifico Celpa,ZFP LOGISTICAL CENTER OF PACIFIC CELPA
Zf Cencauca Parque Indl Caloto,ZF CENCAUCA PARQUE INDL CALOTO
Zona Franca Cartagena,FREE ZONE CARTAGENA
Zona Franca Las Americas,FREE ZONE LAS AMERICAS
Nueva Zelandia,NEW ZEALAND
Dominica,DOMINICA
Antillas Holandesas,NETHERLANDS ANTILLES
Haiti,HAITI
Cuba,CUBA
Guatemala,GUATEMALA
Honduras,HONDURAS
Ecuador,ECUADOR
Republica Checa,CZECH REPUBLIC
Bolivia,BOLIVIA
Turquia,TURKEY
Ucrania,UKRAINE
Curazao,CURACAO
Congo,CONGO
China,CHINA
Canadá,CANADA
Corrí,IRAN
Mozambique,MOZAMBIQUE
Pakistán,PAKISTAN
Seychelles,SEYCHELLES
Finlandia,FINLAND
República Dominicana,DOMINICAN REPUBLIC
Kazajstán,KAZAKHSTAN
Senegal,SENEGAL
India,INDIA
Emiratos Árabes Unidos,UNITED ARAB EMIRATES
Bahrein,BAHRAIN
Kuwait,KUWAIT
Méjico,MEXICO
Turquía,TURKEY
Bélgica,BELGIUM
Kirguistán,KYRGYZSTAN
Filipinas,PHILIPPINES
Italia,ITALY
Mauritania,MAURITANIA
Montenegro,MONTENEGRO
Níger,NIGER
San Cristóbal Y Nieves,SAINT KITTS AND NEVIS
Serbia,SERBIA
"Macedonia, Fyr","MACEDONIA, FYR"
Grecia,GREECE
Costa De Marfil,COTE D'IVOIRE
Países Bajos,NETHERLANDS
Suiza,SWITZERLAND
Bulgaria,BULGARIA
Croacia,CROATIA
Dinamarca,DENMARK
Nueva Caledonia,NEW CALEDONIA
Burkina Faso,BURKINA FASO
Luxemburgo,LUXEMBOURG
Malí,MALI
Nigeria,NIGERIA
España,SPAIN
Suecia,SWEDEN
Rumania,ROMANIA
Arabia Saudita,SAUDI ARABIA
Túnez,TUNISIA
Uganda,UGANDA
Austria,AUSTRIA
"Congo, Dem. Reps.","CONGO, DEM. REP."
Gambia,GAMBIA
Ghana,GHANA
Japón,JAPAN
Jordán,JORDAN
Líbano,LEBANON
Libia,LIBYA
"Corea, Rep.","KOREA, REP."
Malasia,MALAYSIA
Sri Lanka,SRI LANKA
Guinea,GUINEA
"China, Región Administrativa Especial De Hong Kong","CHINA, HONG KONG SAR"
Tonga,TONGA
Samoa,SAMOA
Camerún,CAMEROON
Ir,TOGO
Comoras,COMOROS
Zimbabue,ZIMBABWE
Zambia,ZAMBIA
Botswana,BOTSWANA
Etiopía,ETHIOPIA
Moldavia,MOLDOVA
Ruanda,RWANDA
Irlanda,IRELAND
Federación Rusa,RUSSIAN FEDERATION
Yemen,YEMEN
Namibia,NAMIBIA
"Congo, Rep.","CONGO, REP."
Santo Tomé Y Príncipe,SAO TOME AND PRINCIPE
Sudáfrica,SOUTH AFRICA
Albania,ALBANIA
Islas Vírgenes Británicas,BRITISH VIRGIN ISDS
Montserrat,MONTSERRAT
Curacao,CURACAO
Portugal,PORTUGAL
San Vicente Y Las Granadinas,SAINT VINCENT AND THE GRENADINES
"Áreas, Nep","AREAS, NES"
Malta,MALTA
Guayana,GUYANA
Santa Lucía,SAINT LUCIA
Solomon Isds,SOLOMON ISDS
Georgia,GEORGIA
Belarús,BELARUS
Irak,IRAQ
Tailandia,THAILAND
Tayikistán,TAJIKISTAN
Turkmenistán,TURKMENISTAN
Afganistán,AFGHANISTAN
Argelia,ALGERIA
Andorra,ANDORRA
Azerbaiyán,AZERBAIJAN
Bahamas,BAHAMAS
Bangladesh,BANGLADESH
Armenia,ARMENIA
Barbados,BARBADOS
Bosnia Herzegovina,BOSNIA HERZEGOVINA
Belice,BELIZE
Burundi,BURUNDI
Cabo Verde,CABO VERDE
Colombia,COLOMBIA
Chipre,CYPRUS
República Checa.,CZECH REP.
El Salvador,EL SALVADOR
Guinea Ecuatorial,EQUATORIAL GUINEA
Estonia,ESTONIA
Polinesia Francés,FRENCH POLYNESIA
Djibouti,DJIBOUTI
Gabón,GABON
Estado De Palestina,STATE OF PALESTINE
Haití,HAITI
Hungría,HUNGARY
Indonesia,INDONESIA
Jamaica,JAMAICA
Kenia,KENYA
Letonia,LATVIA
Liberia,LIBERIA
Lituania,LITHUANIA
Madagascar,MADAGASCAR
Malawi,MALAWI
Mauricio,MAURITIUS
"Otros Asia, Nes","OTHER ASIA, NES"
Marruecos,MOROCCO
Omán,OMAN
Nepal,NEPAL
Nueva Zelanda,NEW ZEALAND
Noruega,NORWAY
Panamá,PANAMA
Perú,PERU
Polonia,POLAND
Guinea-Bissau,GUINEA-BISSAU
Katar,QATAR
Sierra Leona,SIERRA LEONE
Singapur,SINGAPORE
Eslovaquia,SLOVAKIA
Eslovenia,SLOVENIA
Suriname,SURINAME
Siria,SYRIA
Tanzania,TANZANIA
Zonas Libres,FREE ZONES
Camboya,CAMBODIA
Eritrea,ERITREA
Sudán,SUDAN
Brunei Darussalam,BRUNEI DARUSSALAM
Islandia,ICELAND
Maldivas,MALDIVES
Antigua Y Barbuda,ANTIGUA AND BARBUDA
"China, Rae De Macao","CHINA, MACAO SAR"
Sudán Del Sur,SOUTH SUDAN
Antártida,ANTARCTICA
Myanmar,MYANMAR
Navidad,CHRISTMAS ISDS
Cocineros,COOK ISDS
Fiyi,FIJI
Kiribati,KIRIBATI
Guam,GUAM
"Corea, Dem. Reps.","KOREA, DEM. REP."
República Democrática Popular Lao,LAO PDR
Mongolia,MONGOLIA
Nauru,NAURU
Vanuatu,VANUATU
Norfolk Isds,NORFOLK ISDS
N. Mariana Isds,N. MARIANA ISDS
Micronesia,MICRONESIA
Marshall Isds,MARSHALL ISDS
Palau,PALAU
Papúa Nueva Guinea,PAPUA NEW GUINEA
Timor Oriental,TIMOR-LESTE
Fmr Sudán,FMR SUDAN
Tuvalu,TUVALU
Wallis Y Futuna Isds,WALLIS AND FUTUNA ISDS
Samoa Americana,AMERICAN SAMOA
Santa Elena,SAINT HELENA
Bunkers,BUNKERS
Islas Bermudas,BERMUDA
Uzbekistán,UZBEKISTAN
Tierra Verde,GREENLAND
Swazilandia,SWAZILAND
Granada,GRENADA
Rep. Centroafricana,CENTRAL AFRICAN REP.
Chad,CHAD
Mayotte,MAYOTTE
Lesoto,LESOTHO
Faeroe Isds,FAEROE ISDS
San Pedro Y Miquelón,SAINT PIERRE AND MIQUELON
Territorios Franceses Del Sur,FRENCH SOUTHERN TERRITORIES
Bonaire,BONAIRE
Anguila,ANGUILLA
San Marino,SAN MARINO
Santa Sede,HOLY SEE
Sint Maarten (Parte Holandesa),SINT MAARTEN (DUTCH PART)
"Otros África, Nes","OTHER AFRICA, NES"
Cayman Isds,CAYMAN ISDS
Islas Turcas Y Caicos,TURKS AND CAICOS ISDS
Categorías Especiales,SPECIAL CATEGORIES
Falkland Isds (Malvinas),FALKLAND ISDS (MALVINAS)
Estados Unidos Minor Outlying Isds,UNITED STATES MINOR OUTLYING ISDS
Somalia,SOMALIA
"Oceanía, Nes","OCEANIA, NES"
"Otras Europa, Nes","OTHER EUROPE, NES"
Bután,BHUTAN
Isla De Heard Y Mcdonald Isds,HEARD ISLAND AND MCDONALD ISDS
Niue,NIUE
San Bartolomé,SAINT-BARTHELEMY
Gibraltar,GIBRALTAR
"Asociación Latinoamericana De Integración, Nes","LATIN AMERICAN INTEGRATION ASSOCIATION, NES"
Pitcairn,PITCAIRN
Territorio Británico Del Océano Índico,BRITISH INDIAN OCEAN TERRITORY
Tokelau,TOKELAU
Isla Bouvet,BOUVET ISLAND
Islas Cocos,COCOS ISDS
Georgia Del Sur Y Sandwich Del Sur,SOUTH GEORGIA AND THE SOUTH SANDWICH ISDS
Nos.,U.S.
Corea Del Sur República De,SOUTH KOREA REPUBLIC OF
Zona Libre Biocombustible Dl Caribe,FREE ZONE BIOCOMBUSTIBLE DL CARIBBEAN
Zona Libre Barranquilla,FREE ZONE BARRANQUILLA
San Martin (Holandés),SAN MARTIN (DUTCH)
Corea Del Sur,SOUTH KOREA
Taiwán,TAIWAN
Isla De Dominica,DOMINICA ISLAND
St. Vicente Y Las Granadinas,ST. VICENT AND THE GRENADINES
St. Kitts Y Nevis,ST. KITTS AND NEVIS
República Democrática Del Congo,CONGO DEMOCRATIC REPUBLIC OF THE
República Árabe Siria,SYRIAN ARAB REPUBLIC
Zfpe Colombina Del Cauca,ZFPE COLOMBINA DEL CAUCA
Zfp Centro Logístico Del Pacífico Celpa,ZFP LOGISTICAL CENTER OF PACIFIC CELPA
Zona Libre Cartagena,FREE ZONE CARTAGENA
Zona Libre Las Americas,FREE ZONE LAS AMERICAS
República Checa,CZECH REPUBLIC
Rep De Georgia,REP OF GEORGIA
DESCONOCIDO,UNKNOWN
desconocido,UNKNOWN
Desconocido,UNKNOWN
